{
  "target_angle_deg": 30.0,
  "target_distance_m": 0.5,
  "ref_energy": 0.033836,
  "ref_rms": 0.033836,
  "calibrated_at": "2026-05-06T14:52:50.630529"
}